{
	"Version": 3,
	"FileReferences": {
		"Moc": "mao_pro.moc3",
		"Textures": [
			"mao_pro.4096/texture_00.png"
		],
		"Physics": "mao_pro.physics3.json",
		"Pose": "mao_pro.pose3.json",
		"DisplayInfo": "mao_pro.cdi3.json",
		"Expressions": [
			{
				"Name": "exp_01",
				"File": "expressions/exp_01.exp3.json"
			},
			{
				"Name": "exp_02",
				"File": "expressions/exp_02.exp3.json"
			},
			{
				"Name": "exp_03",
				"File": "expressions/exp_03.exp3.json"
			},
			{
				"Name": "exp_04",
				"File": "expressions/exp_04.exp3.json"
			},
			{
				"Name": "exp_05",
				"File": "expressions/exp_05.exp3.json"
			},
			{
				"Name": "exp_06",
				"File": "expressions/exp_06.exp3.json"
			},
			{
				"Name": "exp_07",
				"File": "expressions/exp_07.exp3.json"
			},
			{
				"Name": "exp_08",
				"File": "expressions/exp_08.exp3.json"
			}
		],
		"Motions": {
			"Idle": [
				{
					"File": "motions/mtn_01.motion3.json"
				}
			],
			"": [
				{
					"File": "motions/mtn_02.motion3.json"
				},
				{
					"File": "motions/mtn_03.motion3.json"
				},
				{
					"File": "motions/mtn_04.motion3.json"
				},
				{
					"File": "motions/special_01.motion3.json"
				},
				{
					"File": "motions/special_02.motion3.json"
				},
				{
					"File": "motions/special_03.motion3.json"
				}
			]
		}
	},
	"Groups": [
		{
			"Target": "Parameter",
			"Name": "EyeBlink",
			"Ids": [
				"ParamEyeLOpen",
				"ParamEyeROpen"
			]
		},
		{
			"Target": "Parameter",
			"Name": "LipSync",
			"Ids": [
				"ParamA"
			]
		}
	],
	"HitAreas": [
		{
			"Id": "HitAreaHead",
			"Name": ""
		},
		{
			"Id": "HitAreaBody",
			"Name": ""
		}
	]
}